Changes made at Sat Aug  9 05:58:18 UTC 2025
Changes made at Thu Nov 20 14:06:27 UTC 2025
Changes made at Thu Nov 20 14:23:28 UTC 2025
Changes made at Thu Nov 20 16:30:23 UTC 2025
Changes made at Fri Nov 21 08:32:14 UTC 2025
Changes made at Fri Nov 21 10:24:47 UTC 2025
Changes made at Fri Nov 21 14:22:35 UTC 2025
Changes made at Fri Nov 21 16:28:17 UTC 2025
Changes made at Sat Nov 22 08:27:56 UTC 2025
Changes made at Sat Nov 22 10:21:34 UTC 2025
Changes made at Sat Nov 22 14:19:05 UTC 2025
Changes made at Sat Nov 22 16:26:15 UTC 2025
Changes made at Sun Nov 23 08:28:05 UTC 2025
Changes made at Sun Nov 23 10:22:12 UTC 2025
